{
  "best_model": "log_reg",
  "metrics": {
    "accuracy": 0.9649122807017544,
    "precision": 0.9857142857142858,
    "recall": 0.9583333333333334,
    "f1": 0.971830985915493,
    "roc_auc": 0.9957010582010581
  }
}